,PC1,PC2,PC3,PC4,PC5
3-Breast-Her2-ampl,31.437045075094932,-23.50647604334477,18.99845012550794,-9.978189080972944,11.757469343755373
8-Breast-WT,-19.17177235285746,0.16696521077894919,36.09130153677563,-11.906017877106901,-5.19593964903958
10-Breast-Her2-ampl,-32.323336758158455,-11.03002337407482,29.752873701560222,-10.85984180882377,3.926799773443255
Breast-100,-28.10517875410644,-24.67954040669123,18.225282137531515,13.435658832792198,32.158257208504885
15-Breast-Her2-ampl,-30.98921462816926,-2.7648621194114265,26.223884341602975,-2.2637004716245808,-12.367775587516618
16-Breast-WT,6.4182233891185945,-20.928937567011218,24.064390143023324,-13.344398671675824,22.67558456664158
21-Breast-WT,45.29498740963207,-24.340369127685605,16.895597991924852,-43.60350631603629,30.70009913786366
33-Breast-Her2-ampl,-5.0244956210484055,-21.22512949218461,22.51419154183509,-19.41038370454523,20.56088823164916
42-Breast-Her2-ampl,36.409166982842976,-16.71591895276016,30.045526524196944,-22.482330087759323,12.402608668008774
Breast-454,-19.820265498628434,-16.118183644707667,2.611834455949328,6.557249954534929,24.95895230440683
48-Breast-WT,-10.069905072115539,-25.936545886601113,25.622418941183053,-2.906847301119309,26.056022522133556
50-Breast-WT,-59.78756419203323,-15.028910341484135,28.074000550419708,3.036378450994491,4.519299484367943
55-Breast-WT,-67.96954764654535,-13.749087106373205,25.951653271665155,11.710633276150372,-1.7329562620132821
Type-Unknown-6,-45.857272698238425,-3.5077215457154174,33.33068209879825,-0.5037813130948089,-6.800210985838572
Breast-564,-12.451347375933073,-17.29265579112938,24.208587902204343,3.35364077581252,9.426386960829868
59-Breast-WT,-37.35422508644328,-28.40101846621042,16.30407393179546,-5.0537768356973825,16.65743941635263
Breast-590,100.04517126989485,-14.066308126081859,15.326009300877525,-42.38726442628539,-3.400011002271408
Breast-60,-39.27150653744493,-11.691366110810447,25.577308114427247,11.49651644626926,14.087275874647815
Breast-603,-5.279139667531084,-25.60476031656204,7.7685449855684645,3.1329105328730686,16.399160267675303
ALK61-Breast-Her2-unknown,-69.6536280562898,4.7908868415682235,36.85249934166685,-3.064563833996832,-15.938527348538928
Breast-85,-66.93204268040142,2.1945244356888676,31.408666220863974,13.679587017542415,-17.761392724159776
Breast-86,6.146766582358161,-17.366038920735814,24.638911731976105,0.1928274677561892,18.484411638697583
97-Breast-Her2-ampl,-65.68802447743435,-23.674200988937727,24.442507191920722,6.459814273246716,6.09614218088434
Breast-ALK-82,-60.575794586390664,2.6268703356800938,15.157872316887968,0.2974228782030416,-14.6693521603788
292-Liver-KRAS,84.29362887443655,-22.440360979579335,-6.581438363928604,-27.58456510446504,20.190656429588326
316-Liver-KRAS,-48.07434062699541,2.972826050486109,21.775119438247426,-7.340467582500357,-22.091367563288586
341-Liver-WT,8.171804677750085,-12.023108383053037,16.482776103662932,-19.286241906518303,15.72222991104656
376-Liver-WT,15.65707127413556,-10.022179539556364,20.060246366939538,-11.136191779475158,9.789974262462618
379-Liver-WT,3.8525713634095986,-12.101190168206864,19.506222951783094,-11.05329590061963,18.33458153129725
Chol-410,50.51517942050074,-14.856611685714839,18.328544386196608,-22.116806678992752,-3.5246034622247113
Chol-442,54.918775543321125,-21.7724058192537,11.793388496330993,-12.170091314864015,17.81289691858727
Chol-460,-58.141871082248514,10.96967768511418,19.058901891430303,-2.794512219008151,-13.33579401833161
Chol-611,11.70305748590996,-5.359396600619584,23.067318572747702,-13.110204356447364,5.4034800842738
Chol-ALK-28,85.38080415954576,-5.923950876012207,-11.175235691033752,-5.872461608077912,2.2693520500702133
VU256-CRC,-107.92040289967862,-17.908232246852553,-41.084434082762684,-14.998661055374262,-22.224888945762082
VU258-CRC,-112.61906966060452,-94.39536620755172,-108.19037319949966,15.74982212333303,57.630538298724524
VU272-CRC,-90.6999690087103,-35.111792687579886,-42.99170460794953,-5.06389491376839,6.452924273215058
VU276-CRC,-88.80193796134435,-44.21263610911123,-50.33391108440681,-5.423879998098786,6.201311755093641
Type-Unknown-1,-58.001278660868486,-12.926123137579957,15.0952376063809,-10.610169300450385,-5.784405466703763
329-CRC-KRAS,-45.74129232269741,-18.511724496509373,26.589640487475666,5.238214627313056,23.35877620526143
342-CRC-KRAS,13.068899763158102,-23.204093059300114,19.669410516010558,-15.355909329131006,11.492739404418094
Type-Unknown-5,-46.98172497743673,-8.023693888335574,28.98048927459559,-10.627883869353488,0.6262327013577318
354-CRC-WT,-25.36258083819279,-26.679327217109574,20.942726823013263,-8.296439414891815,16.996559650034484
356-CRC-WT,-49.74283247053446,-15.152447832862133,31.377976426681517,-6.243508989517732,10.142594993333597
CRC-357,16.422250118400996,-17.159409370192122,17.832456062014586,-12.778457522925866,11.490777822999904
374-CRC-WT,-64.80023148992635,-5.676035127765363,37.28366679184708,1.9410891580708,-7.5978567991674595
378-CRC-WT,-59.13594214713977,0.04893982430523689,29.23453222002154,-3.858053959163623,-9.47825668044959
420-CRC-WT,-21.777284057926597,-12.684940863750029,25.542364350385395,-11.907499679640258,12.606650534533546
429-CRC-WT,-11.463373162320384,-3.2985108463336963,28.08212154695318,-8.74758767814242,7.57631960202344
CRC-450,-53.75855625133293,10.524735389323059,6.339331913159667,-9.141639476061979,-29.03370311297157
453-CRC-KRAS,-19.93169226511991,7.487776224917774,25.636619012240043,-28.590470194553234,2.1956056537470756
CRC-459,-43.095172603969274,-10.424065588690159,-4.47710633107032,-3.9577976989576684,5.410706644313724
462-CRC-KRAS,-3.3163367350092994,-29.602578923053258,19.630228556580718,-18.202681557750314,32.14542118622634
CRC-463,-19.659037848763955,-11.788962924932397,21.73048894506867,-4.147503601625521,7.991513309834597
466-CRC-KRAS,-49.396093207366,12.147904010554562,32.84377953676879,-13.354598527922501,-26.563170834631652
474-CRC-WT,-54.69407391275895,15.65354626795445,23.642212565764765,-11.821522607599068,-19.50209380498685
CRC-487,-52.26639744891801,-8.882115408232215,14.143074476569367,1.396459202712693,-4.1816856480090205
CRC-496,-43.44920082276629,2.493849773319367,20.392501240085146,-0.9278804330830908,-18.67149350296368
497-CRC-KRAS,-35.4665253513912,7.603398741205741,31.53491051116621,-10.308687292964468,-12.398162476461202
504-CRC-WT,-22.71449653792602,-8.1130144868675,19.81248569832852,-3.8117118117866564,11.37733996860063
CRC-511,-18.30923713635268,-10.209285425789856,13.749162764862017,6.492825634230815,11.391459671811567
CRC-523,-12.82714963102469,-14.021578620875273,5.59989665676201,11.504633894027377,26.07225836971444
CRC-524,-2.6998265770764474,-3.248449627282874,15.152928467240388,-18.22132608625997,0.38191345571036833
527-CRC-WT,-71.54909404102764,2.1550474654554646,28.94554441385565,-2.098444607988134,-26.330823101169116
CRC-531,-19.3042273014927,-5.224018700025197,19.940420939002422,-2.346681301702325,15.770839061535364
543-CRC-KRAS,38.94987746212326,-8.067557041465138,33.78171634027297,-25.06923132487253,15.733144690982368
546-CRC-KRAS,-18.323410912357325,5.726163264441787,32.518641625914974,-15.822247419690374,-1.9001053681279774
548-CRC-KRAS,-55.570223951343166,6.241253687953055,28.777078443017437,-6.62100124231174,-12.412828618815778
CRC-552,-15.97503221109499,-9.582516393900415,26.88311902504798,-3.884163123931963,5.095676439361832
556-CRC-WT,-21.569531982490535,-5.190567159220378,38.051999427175744,2.2280688638151274,16.82132296423423
CRC-565,-38.128126113855366,-8.701887372233275,28.302182360414356,5.671047293422178,-4.552358836533903
CRC-576,-37.05946507708693,-12.01700340248161,15.323815007533574,7.179450528828156,12.185734849516052
VU280-GBM,-3.9479206883558073,-70.65525460050475,-84.01692784541551,-14.46724164376373,-3.6129678442299413
VU284-GBM-vIII,-29.158740792434365,4.236406038154823,24.37584419946313,18.92191934931165,-16.972590264339477
VU306-GBM-vIII,-63.35437928186984,-33.896557218880275,10.895718264510093,17.03403043502074,-5.537371763862679
VU360-GBM-WT,-86.70965631934371,-8.603438205485437,1.6502765945213287,52.214045841195734,1.0219938417808379
VU372-GBM-vIII,-41.941212858819966,10.329310222947532,33.717995847577235,11.554403054287777,-21.149978960732017
VU378-GBM,5.2461156496983845,-4.510366147972978,51.119496638536305,-7.913409636794204,-17.04085664474314
VU383Platelet-hiseq,-130.86094790714645,-69.6214872968601,-44.7554762441647,22.095174480322598,-1.55640659033818
VU393-GBM-vIII,-83.68127049787358,-13.469318864545189,13.215587129650881,16.97464733768764,-5.6868380788975905
VU394Platelet-hiseq,-57.95115648111316,-65.52766639155143,13.499802795486804,19.851195260857878,44.900186326249596
VU398-GBM,-104.04612706235547,-35.267534535600504,-52.85790981436264,7.093047555609065,-16.34190719695879
VU402-2-GBM,-58.867262981272866,-6.180285307450429,37.55901766599808,14.598225962099407,-11.157507212093943
VU406-2-GBM,-51.07732250732348,-1.7192869560167683,47.41409379916869,18.939199731725168,-16.236602397397778
VU408-GBM,73.89760735656195,-28.487608593308487,35.503297011001635,5.714204753914603,10.325238686186553
VU417-GBM-vIII,-82.5769532866529,-15.234911028709588,37.3940546351062,11.455195446101365,9.385930674275265
VU418-GBM,-110.36024138274655,-27.866113790745835,-41.54913531088332,9.650853030931012,1.6355652373638836
VU419-GBM,-84.70940733541401,-30.84305013495736,-58.51821439798744,-9.931389017458375,-10.704414565720214
VU421-GBM,-40.196639725498166,-18.921970378639276,38.52985258593418,24.03654997839354,29.489023652171277
VU422-GBM,-24.72900753868939,-11.845413704909538,42.110255490124516,9.50323635276237,10.707986643157884
VU425-GBM,53.980758075783825,-10.034086738988995,20.543649350901013,11.83009648779929,-13.778506518720294
VU429-1-GBM-vIII,-24.959539663504877,7.491425623431899,29.118975475822307,18.37507625229346,-7.71279724393415
VU430-GBM,-35.5557562574229,15.541404329498459,38.56636061489247,11.771240387458185,-30.24162443107505
VU431-1-GBM-vIII,122.79750827583021,0.4144173590370402,-2.4232299772995005,-3.789247160208458,-10.425368875413568
VU436-1-GBM-vIII,90.51559542332424,-1.0586665434039544,-0.9873221760940749,45.262432746485935,-9.821264030945855
GBM-438,-45.686361834759445,-1.060197941735152,9.193023302939553,32.40654517800972,-18.475111267073007
VU439-1-GBM-vIII,106.82293222812406,-7.040276874333398,10.405928570151639,18.62829114213164,-16.97499691071084
GBM-440,186.48479250941517,-14.98321089087257,-15.4661515565347,-9.599192047647541,-28.40247801886592
VU443-1-GBM-WT,66.38682519552135,-5.90618000906568,13.577916388461778,15.258850274820578,-26.135323987330043
VU445-1-GBM-WT,6.155387672746806,2.8121285133259017,9.335438937693935,33.77911721781484,-2.8360743580973526
VU454-1-GBM-WT,122.58802557524152,-7.419696240693627,18.267500141802056,-11.051221778364088,-12.455158769628722
VU456-1-GBM-WT,80.60828680120758,8.899818159544026,0.26044490793427894,41.028052989655045,-22.63990424971365
VU468-1-GBM-WT,50.57121189885835,-5.514540126793356,4.722176733299551,37.21347811895694,0.5650139258711449
GBM-471,45.35221968685551,6.924219818264866,3.4562848311836105,26.84321106348412,-14.332464864517787
GBM-475,-72.08237812747412,9.846050137537746,19.775340063588608,28.930178142857965,-10.337065265693134
GBM-476,59.11568764773224,-6.2821672541828875,2.945250430172653,17.75195104981376,-16.746685583322233
GBM-480,138.2821446486141,-30.108176971843005,15.12692976466337,-19.483030913206143,-0.7318113017634891
GBM-484,110.15724082602722,-7.47423367658718,-8.800758989053177,28.11432013783645,-4.830444508605878
GBM-485,64.84997710164879,-6.797627362073258,-11.265895335780252,7.930713388009686,-6.457377811769331
GBM-486,164.51855491192828,-15.609829475620481,-16.119684847517817,-19.879335653419794,-12.997683019232245
GBM-499,-46.99049362053968,4.405618168663347,12.861869875212342,27.93424435275393,-4.9491273735555685
GBM-505,-71.17316299282068,10.253226793999803,10.56446558901711,29.318260500696766,-15.963280127219564
HD-1,151.2568488368062,-39.024293909249984,-56.18423094045102,-19.34266123052545,-0.5812820000771212
HD-2-1,99.3869705980499,-19.04369339204616,13.667248164585645,-10.951818915936741,5.79884342949244
HD-3-1,49.51377331196021,-18.23931916763616,8.636473474976341,18.743663225202912,6.4672188353549025
HD-4,84.25585375885682,-36.758693196474226,-50.04573387912826,10.4762693303639,2.7585293282374193
HD-5,30.512384983405784,-26.997361312068012,-49.85950802210241,16.180445977492653,10.02866882614147
HD-7,68.59816828618382,-16.050205206853956,-59.092899652148816,-16.85664283236457,-2.340600522259458
HD-8,80.42909035447067,-14.531452990000469,-63.320972212020656,-26.212990520771125,-12.437236008881548
HD-9,-34.47232826162651,-43.95158572870782,-50.84765494577383,13.970833477958115,-5.911123286528678
HD-10,99.95032473356596,-60.298683529617975,-75.06160804527738,-13.368416097720887,5.754566286500713
HD-11-1,-30.353094865336192,0.517417587463936,28.81751965455122,7.799963464824454,-4.44954333616125
HD-13-1,85.44270286073865,-19.602552884274893,11.717168332308486,7.442713947048559,-3.0369835772742277
HD-14-1,156.54068168452412,-25.44616736609097,16.322377592611183,-16.876603392162764,-10.286055648859097
HD-15-1,10.899922775576789,-2.6009357752069135,24.05573187633926,18.206452459106835,-6.4771279938132515
HD-16-1,161.59090521730548,-12.538659303713137,6.791445709826061,-12.40976104650832,-19.840230122464234
HD-20-1,56.628905210804334,3.8063648867667474,11.402027593339602,28.989211914897524,-14.45720518174424
HD-22-1,12.18630156171813,10.664276015933241,32.44651100241178,16.40300252287213,-11.535641613178685
HD-34-1,25.19449196142359,8.714051845532806,17.545932455681903,10.134416582147985,-7.27264828776343
HD-39-1,109.99969405187764,-28.472441833675095,3.8021340470168563,27.163863061110675,3.045832248782805
HD-40-1,83.71909200276829,-5.0310032614797935,-3.2875558118527786,23.59754311341575,-12.890436809428623
HD-45-1,210.2933966691218,-9.166394700986894,6.965611726278519,-26.489677155098796,-26.13399698212959
HD-46-1,169.65665520933413,-30.78185737311004,15.257989470449388,-28.953645313022793,-14.18371520163297
Control-2,-57.05967917975151,-23.879513800473028,-35.650280549181346,-17.25076134027488,-2.8550370588067024
Control-3,-73.67760813397628,-32.50237724366862,-42.86288138966746,-5.049697674021937,4.814865699015038
Control-4,-59.71545492912324,-33.412903080179774,-42.0080807457614,-14.267870479611174,3.8716122338059873
Control-5,-64.88526368520262,-35.799042424061966,-39.737516106271855,-11.046021196981247,5.321454759825688
Control-6,12.41715463402281,-36.939966006713796,-47.43660753097678,-30.878847534990403,0.5086779038130755
Control-8,-24.0761955846669,-18.127852254809557,-34.803544092941976,-15.139392304548993,-22.55047141095144
Control-9,-8.044950335611855,-21.320551382869933,-40.03116432794997,-19.589304567260434,-21.506897658418755
Control-10,-34.69814295673542,-13.764748975333378,-28.63211222301103,-16.104129573889328,-22.36547624160303
Control-13,57.78693421459994,-36.17540773480932,-52.946620762573716,-36.57319433712053,-9.973275234780944
Type-Unknown-3,92.96126951803201,-21.06071133929079,14.679930565250762,-7.634204361596242,3.3123081436780333
HD-17-1,79.87312434360626,-9.536253298980006,-16.11930006007836,51.091253171237376,5.230026693166748
HD-18-2,117.95808788102967,-13.082588428172762,-10.20785549586615,43.433240697373456,-4.784404762278955
HD-21-1,79.50815956867383,-10.49341335485617,-14.086204256838778,39.37822334661574,6.35111072471466
HD-24-2,59.9155907977252,-15.83650561016308,-13.275189489799638,50.879864816283735,8.018598263207666
HD-25-2,107.5885603943339,-13.491690957240785,-17.694665949601337,51.32826815820459,-2.6220144846226185
HD-26-2,58.14279806396601,-16.815075101164968,-10.260330831549432,40.933090911903754,-2.6239878534790235
HD-27-2,76.27699867712606,-20.791833608566478,-14.352328509317372,49.548248340967554,12.854842839403158
HD-29-2,56.61737226726622,1.2220172372184053,-11.102455110269442,38.8597109652444,-15.979210273497026
HD-30-2,100.72101123091194,-10.489849167677244,-32.91595155149619,40.3041107869521,6.102795728692729
HD-31,52.08474124332804,-14.49560276052516,0.7652412430105583,26.491987210976113,3.984276098004565
HD-32-2,100.30462217404079,-4.052095376577939,-27.139448054079995,55.39597406774711,-9.733763267562363
HD-33-1,162.59987700905594,-15.982697184587902,-11.010953001766756,-0.18639543914210552,-16.19386450085304
HD-35-2,63.006779879830965,0.29568282332563955,-2.4129455640625905,29.51435548193326,-15.98715697552942
HD-36,59.52767178139857,-2.5027117858440855,-8.993904737739701,42.07850600087183,-11.511131760800907
HD-37-2,112.729920257633,-9.387184480340537,-15.818874788785347,33.91954785535479,-9.043659448928054
HD-38-2,195.5451745548665,-26.962516426040768,-30.46215708869486,-10.148380926966201,-7.463215773161597
HD-44-2,191.93008043583598,-14.565561158882398,-16.60991400984776,-14.19764169381726,-16.46767945558604
HD-47-1,95.11909657488691,1.706355129914406,-6.086423500808225,39.04013431017315,1.3015340104199045
HD-48-1,168.10282563594163,-36.74554499907024,-7.398036217796025,6.470101756291088,1.9907199681304342
HD-49-1,105.36871254752221,-17.880260750170486,-13.061698880821494,25.791576259682046,1.5046690459720833
HD-50-1,155.34832591101394,-16.04024953876567,-20.189902586190282,36.24207350727711,-6.882339291178849
HD-51-1,158.30975628261092,-16.605253741806102,-19.680974013717925,34.16674068736072,-14.44849431022687
HD-53-1,99.90447301466746,-10.816445138534775,-7.3566364569332565,18.9074022532062,-1.5229811087092135
HD-54-1,105.97467594281999,-15.271862668613483,-18.07112954944194,29.47859696946966,-10.876599565152436
VU274-CRC,-90.05615333084698,-13.802034029531901,-37.868567292208084,-21.495083325356735,-34.90433481366412
297-Liver-WT,-0.48455679360877224,-12.638422291212379,18.10718574014161,-22.428090227263944,9.341476083098936
366-Liver-WT,-26.49072353495585,-7.855702138745516,25.01417416589018,-3.3532598540350445,22.217941045970743
Lung-0082,-26.637259696913468,9.766457150142166,14.733286519741462,3.1245036629622462,-11.450693082476963
Lung-0096,-1.5704205283560042,8.60646687353663,2.3614404695231546,-4.938983620116384,-26.643231639557108
Lung-0001,-113.44090834080085,-52.5103901347805,-58.50529837738461,-5.132949960626703,11.33991507041507
Lung-0100,6.76172329258096,-6.007286003206031,20.134950802874826,-5.444373269351958,0.0004570199158604318
Lung-0101,-67.81351634437277,13.393121146122407,11.062177795306075,40.14751300445939,-14.523682103803626
Lung-0102,-36.38878162411173,4.232731600071857,12.541303286605096,7.448905226660161,-4.853229714471048
Lung-0104,-59.98323660233709,-1.4483970825058445,13.341176027951393,29.710561073467936,2.6662260516271465
Lung-0110,25.671866977326225,2.778506570163686,9.186991310907011,21.167170302031835,-11.1300197161283
Lung-0112,-3.362510611101125,9.592669060525608,16.815593785613924,23.710698213507147,1.5695746388036123
Lung-0119,-43.893972174855996,-28.75223917551854,-6.425504011236558,32.335557541029814,22.94669016229853
Lung-004-EGFR,54.44450620631847,4.931389103297891,19.990714605593524,-7.27406855606686,-12.794876124641247
Lung-006,-138.00814948490915,-34.23830986152934,-61.98587684484241,32.82615230675048,-6.424308096240499
Lung-0007,-97.89710803407854,-23.454348847632378,-45.33330466192075,18.397508516862068,11.019146848164688
Lung-008,-31.735184788885658,-63.29452348240383,-73.68486521937749,-24.79160711539472,9.758892246721896
Lung-0012,-125.14592366536625,-22.800011741594616,-44.460325395831525,-3.8044168527629383,-37.67952878196558
Lung-0014J,-39.350686701685824,-11.664553772498214,-43.16953925438357,-34.53415030562837,-1.2625891176045019
Lung-0015,-67.81401727793761,-5.154087844781465,-24.577930539941526,-32.8311237843939,-28.114519253862046
Lung-0016,-120.31839909465934,-37.66179760551086,-44.822719494406016,-4.751748441279544,2.3611968555091236
Lung-0017,-108.81960569144013,-25.625919249668495,-43.562421626045456,-15.53309168125869,-23.83978761312771
Lung-0020J,-56.41412428917271,10.420434083603284,-28.612251362714336,-35.12235978669992,-51.966738281221296
Lung-0020J-1,-43.10284176626883,-1.1457746387292032,-40.10420160826517,-33.74394066065845,-50.66816473241104
Lung-0024J-1,-90.26549135548962,-32.43020541421542,-79.1665603287248,-6.527829428644273,5.241093799888748
Lung-0025J,-79.89480546366028,4.782294179194319,-31.528857190353513,-17.72147731803774,-32.93180832647823
Lung-0026J,-57.840766197642566,-12.251133515475999,-44.56333548198751,-33.03856227511392,-16.72643383478162
VU271-CRC,-87.43057103447458,-42.20724224996208,-43.02607000028315,-11.587883346733609,21.07086507774281
Lung-0029J-1-WT,-67.50405164529747,-9.135560125880577,17.671295659848948,9.265241413259,6.634095382361162
Lung-0030J-1-WT,-72.45598348731089,21.117972668725653,36.656706230283426,1.009830403385618,-30.783029718222835
Lung-0037,-14.69649759841448,-25.089798303500398,-35.602726197920376,-35.59575585080497,-40.41104037084182
Lung-0040,-63.72486113533325,-14.007425061875056,-27.79160072471763,-32.91451130497413,-34.644721726222755
Lung-0042,-107.31981328352578,-32.14766814691619,-55.25731284747677,22.599675905847175,-2.878624367794564
Lung-0046,14.121572526875934,-34.048202519002544,-46.48714637067727,-45.7013941975935,-20.576285679680197
Lung-0058-EGFR,-29.796406454927865,-4.772692178074825,23.717926927079905,9.118414255968592,-3.429835387056607
Lung-0061-EGFR,-35.17433537645495,13.739526993810399,30.107784112283948,-3.384131267295,-28.402631885327754
Lung-0062-EGFR,-81.83929374983764,-13.150939578780626,20.925361829966857,7.751958170939395,4.505164469751309
Lung-0074-EGFR,131.5210648272111,-39.460873312124924,18.363724014940917,-25.727372547563203,-11.601158539583102
Lung-L-13,-30.590790431230175,1.310109269719305,25.144646225901347,-10.140293648536462,-9.122290156037858
Lung-L-15,-24.343572547101676,-5.8520703908696134,17.45528260348348,9.906284554833748,5.633366772011403
Lung-L-26,-74.9716600478179,4.853816609434664,13.448280696953837,11.761452896858017,-14.809878231613581
Lung-L-33,-78.7857103386978,-0.23240985303958375,21.987137243989444,9.317674051792944,-11.982152906820556
Lung-L-4,-47.02217984114748,-5.193933073663612,30.1456788202426,-5.879270678837197,-10.119463018760685
VU260-CRC,-85.16735346458628,-12.485459359443881,-34.26181199085781,-19.687369757244557,-27.067697255505966
286-Pancr-286-WT,58.94904164315042,-21.43213458778577,27.931212915641666,-30.471211436049597,16.064005659085655
314-Pancr-WT,-40.331308638485545,-13.3242282641667,28.174891093964405,-15.25571021414102,12.798287488431127
327-Pancr-KRAS,-39.27331573265496,-18.15506258689188,32.921949697889204,-8.493274569745024,7.535018441815971
328-Pancr-WT,-17.139969191654192,-10.265488906608788,36.105794978388964,-18.578973025406913,11.832319856598339
331-Pancr-WT,-17.959721762218,-13.19126991814126,34.101529341766415,-2.7979354379809234,15.851498127710855
Panc-335,-20.567032285349942,-7.985823533758579,29.418146614457505,-4.132087319323537,-0.11617558318956077
367-Pancr-KRAS,17.647764962254964,-20.352249138378212,31.558991041951536,-37.22860113789021,17.711055176213346
369-Pancr-KRAS,-1.7691886845069718,-10.078565225151797,27.81163632761245,-23.966771415175398,6.980760254662934
Panc-370,-37.06932876043666,-3.2580905618001106,14.979954807532573,-1.6726952529585475,-2.6994005702248014
371-Pancr-KRAS,-73.47460792018772,-6.612796574568104,30.498142982656628,15.009891042533495,-1.6797810395900603
380-Pancr-KRAS,-19.488858089310572,-19.284719961994668,15.40372931932126,-7.641320435237264,24.081543749957536
382-Pancr-KRAS,-7.482164665745541,-6.268448668092546,29.065402505515703,-18.610620531289776,6.553116897286754
387-Pancr-WT,27.751363472257214,-23.35428831814823,26.300972069767287,-25.77534917949351,21.70021932133498
388-Pancr-WT,-31.897629307495173,2.2743554777681,28.60248689155817,-2.636046528753782,-10.284823960659555
389-Pancr-WT,-20.484840328009053,-12.229242817134798,18.249509841820593,-15.275573118568543,15.310924570938772
390-Pancr-KRAS,68.7666310072665,-8.278353097833453,22.82408082631141,-32.8705143934459,6.096962192841362
391-Pancr-KRAS,-40.90158544381146,-26.226109046165963,29.2128338240318,-0.6300487669924031,22.102239515995805
431-Pancr-WT,-30.54852817319973,-29.381364833668183,5.570665395078552,9.078558494770204,27.072806156313987
434-Pancr-WT,-49.66660354935815,6.707677279188754,14.381608692858178,-3.500332271459635,11.673960675659382
Panc-435,-32.84965870096393,-6.693504742190743,26.757334016455154,9.384704693309152,-5.302386686035516
448-Pancr-KRAS,4.596751597056317,-1.8108445253360728,24.556643832358112,-23.287848221210414,11.628673014834892
Type-Unknown-4,-17.959744236906086,9.58350275421266,26.655883684221124,-23.77524637753381,-6.439025980727757
Panc-451,-24.02413953152302,-6.353601497059941,7.828957543897315,-6.712029481878505,5.179470862125524
Panc-461,-26.076144995535078,-9.964495287282569,8.779076574557596,-6.711439157033799,8.750724371054877
Panc-477,6.8581672581790984,-18.070961222694336,7.110635968645454,-7.2589919774171365,11.049782769421691
488-Pancr-WT,11.633491727583245,0.19792836995781787,16.029448026465786,-24.696265618578867,20.33691366940716
Panc-493,3.967709509797543,-10.805059969871785,9.744063167903096,-7.834185925282946,10.205024467493287
498-Pancr-WT,-0.31827237062477254,-23.94478076955174,15.874842604492047,-26.818098565861835,27.523173661447814
Panc-501,-42.409395997124655,10.323531022028,34.85322365902113,-5.6121281995973735,-20.05376218988912
Panc-503,-21.446135950065536,7.9846560721263256,35.39857616038461,-13.112165061476274,-30.366500416064937
512-Pancr-KRAS,18.310336774882256,6.177707472354058,31.22157228854655,-18.614421647071847,7.519150411441814
553-Pancr-KRAS,14.559508429388066,-4.07863374477317,25.836559224814327,-24.356357351212164,14.54198187779733
Panc-593,53.927648535496935,-9.01297746256724,12.13805663619901,-22.355597311209305,19.635263751844207
Panc-597,-6.711133680675708,-12.902665364524172,10.542914538006094,-14.411722796281678,3.164122380877131
MGH-BrCa-H-11,83.3117483059475,87.86884064092658,-22.668332364869844,-1.313470963499954,10.341194567497578
MGH-BrCa-H-59,-49.36232508245438,90.55856931837371,-6.526649374960961,8.347329180629515,-12.374768412286185
MGH-BrCa-H-66,58.93495056036163,75.66059603893318,-28.81998978471054,-8.838125319238248,28.548450335532774
MGH-BrCa-H-68,42.5739069155416,84.54894342166766,-24.904187142016035,-0.2803832180239109,28.850088685361083
MGH-BrCa-H-74,4.2161436518073945,81.73265397779919,-14.365083028215619,-11.473320518762574,11.790326999266503
MGH-BrCa-H-75,33.6899802584695,92.2379103736187,-11.5947690911994,-11.772410822514201,14.198818333369386
MGH-CRC-368,-15.945176108355282,91.71753454628714,-12.684105695870832,-12.296691550914016,1.6984693722434279
Vumc-NSCLC-49,0.7821534366722936,98.04446714406006,-17.70691970454844,-3.7765601660944252,-11.305642502126469
Vumc-NSCLC-57,-30.195155499429248,88.39179100826517,-17.632911160753533,-7.527062694307261,-9.06716858248323
Vumc-NSCLC-59,109.89267089674674,94.76286068365295,-28.125072969752278,-26.51745290060111,-14.525658137842331
MGH-BrCa-H31-TR-489,-5.579827167134514,81.61754756522308,-11.156350026283858,4.989438407031172,0.48402577201035546
MGH-BrCa-H38-TR467,-46.64486961062322,68.45143992792075,-21.441029908727973,27.63936702796459,-14.887968708956276
MGH-BrCa-H63-TR-491,9.869677246480684,76.59381751849577,-9.857820543493467,1.3241655598244968,18.560196650688532
MGH-BrCa-H76-TR469,4.938029030222839,83.3573097897796,-24.045761230800167,-2.526406621165643,7.219466509943278
MGH-BrCa-H81-TR492,73.50174602012707,80.33481703510877,-19.770011205900687,-21.18231309941171,8.237657686810538
MGH-BrCa-H83-TR550,8.851332796803545,88.74639013138447,-14.13042761331373,-5.448531962805037,4.505054215506299
MGH-BrCa-H84-TR551,12.225419372978074,85.84634779749892,-11.293786925185929,-3.844791829671547,16.2361415100045
MGH-BrCa-H89-TR471,-42.62320080690233,94.26442907789139,-4.204559878608201,21.384688565152505,-16.876089606679383
MGH-BrCa-H92-TR472,-2.7770114221515367,93.26055467948213,-14.194513180569894,0.8412678887219099,-6.697397202690022
MGH-CRC-412-TR466,-109.31878349638258,21.952155514690354,-48.85292100180574,41.262166145207225,37.00720365108963
MGH-CRC-BRAF4-TR547,15.909403901246456,90.96805420813155,-16.710442129963482,-34.52103106594009,3.8234391931167964
MGH-CRC-BRAF5-TR548,-5.618258769058392,78.38380335913165,-20.856354612147825,-8.040883509992376,16.870056060865572
MGH-CRC-BRAF6-TR465,-4.0640949085262115,67.50851893656132,-20.88176062302777,-4.157798375194525,8.720600459769418
MGH-NSCLC-L01-TR458,-17.54827480717556,65.67968804041215,-28.503990184133357,10.78330859540212,28.093324193474416
MGH-NSCLC-L03-TR488,20.001294962661785,78.87087169849315,-15.093577953557752,-3.1030018247456557,22.078107644926998
MGH-NSCLC-L07-TR459,-21.451789112011014,76.12992529710336,-22.237541809260357,-10.805916965498174,26.38983912895457
MGH-NSCLC-L11-TR477,59.35085207986083,65.91929621742486,-26.69676902613397,-11.698955703604673,35.01558680788507
MGH-NSCLC-L12-TR478,135.72554759747482,59.242978386071194,-35.88578471811927,-31.739974747106476,39.47077550324387
MGH-NSCLC-L18-TR479,-51.360993982922835,87.86826587212694,-13.61445675496885,4.084925666735443,-15.013143768446106
MGH-NSCLC-L19-TR461,-6.422504441445537,82.73102166516986,-16.984481726558354,-7.58545810284115,14.890702292360954
MGH-NSCLC-L20-TR500,-27.717556373356754,79.00623235229067,-9.99891906013111,5.284215527278324,3.8912528450629535
MGH-NSCLC-L22-TR462,66.6223161169376,74.46988746767919,-34.35494556581883,-17.638457710413036,25.26177492670462
MGH-NSCLC-L23-TR524,13.360792703830278,83.56092528701413,-21.106682898913594,-4.697792879947875,15.978078950682207
MGH-NSCLC-L25-TR480,-29.26664009928567,86.76848788784832,-12.819172151247397,-0.053734619477088484,10.86751565218094
MGH-NSCLC-L39-TR519,-70.96296115708583,75.945732856276,-23.15729692426776,9.311989986943194,-17.83982951146357
MGH-NSCLC-L40-TR520,-104.95140447562268,25.150939127711663,-59.618022438230575,27.240203460559908,42.115603514120096
MGH-NSCLC-L51-TR521,-36.892822055623675,76.4164944972533,-23.959955862837752,-11.519618251923488,-1.418100291914232
MGH-NSCLC-L58-TR525,-46.99552506337696,78.95384746127476,-19.328285436576152,-2.0737177173336763,8.708045368593194
MGH-NSCLC-L59-TR522,-36.405219035545215,55.35648270672496,-38.77597903260259,18.838190072433704,55.564945746253294
MGH-NSCLC-L65-TR523,-80.18734249148113,77.74324895647256,-14.387674792400336,11.192487233572644,-22.604645119228728
